{"Version":1,"ManifestType":"Publish","Endpoints":[{"Route":"ABSYS.rdvsr0sxr5.styles.css","AssetFile":"ABSYS.styles.css","Selectors":[],"ResponseHeaders":[{"Name":"Accept-Ranges","Value":"bytes"},{"Name":"Cache-Control","Value":"max-age=31536000, immutable"},{"Name":"Content-Length","Value":"5893"},{"Name":"Content-Type","Value":"text/css"},{"Name":"ETag","Value":"\"34hDUbbGNf0rCp11f/0zcMYfNVkGgLiYYVrQBMxrIjI=\""},{"Name":"Last-Modified","Value":"Thu, 26 Jun 2025 00:07:24 GMT"}],"EndpointProperties":[{"Name":"fingerprint","Value":"rdvsr0sxr5"},{"Name":"integrity","Value":"sha256-34hDUbbGNf0rCp11f/0zcMYfNVkGgLiYYVrQBMxrIjI="},{"Name":"label","Value":"ABSYS.styles.css"}]},{"Route":"ABSYS.styles.css","AssetFile":"ABSYS.styles.css","Selectors":[],"ResponseHeaders":[{"Name":"Accept-Ranges","Value":"bytes"},{"Name":"Cache-Control","Value":"no-cache"},{"Name":"Content-Length","Value":"5893"},{"Name":"Content-Type","Value":"text/css"},{"Name":"ETag","Value":"\"34hDUbbGNf0rCp11f/0zcMYfNVkGgLiYYVrQBMxrIjI=\""},{"Name":"Last-Modified","Value":"Thu, 26 Jun 2025 00:07:24 GMT"}],"EndpointProperties":[{"Name":"integrity","Value":"sha256-34hDUbbGNf0rCp11f/0zcMYfNVkGgLiYYVrQBMxrIjI="}]},{"Route":"app.css","AssetFile":"app.css","Selectors":[],"ResponseHeaders":[{"Name":"Accept-Ranges","Value":"bytes"},{"Name":"Cache-Control","Value":"no-cache"},{"Name":"Content-Length","Value":"2647"},{"Name":"Content-Type","Value":"text/css"},{"Name":"ETag","Value":"\"HWnCTvBrI5OORGIeSFiDuHYclHt+sj8awCOQFfzm7oQ=\""},{"Name":"Last-Modified","Value":"Mon, 23 Jun 2025 04:45:50 GMT"}],"EndpointProperties":[{"Name":"integrity","Value":"sha256-HWnCTvBrI5OORGIeSFiDuHYclHt+sj8awCOQFfzm7oQ="}]},{"Route":"app.jw1xbdt8fj.css","AssetFile":"app.css","Selectors":[],"ResponseHeaders":[{"Name":"Accept-Ranges","Value":"bytes"},{"Name":"Cache-Control","Value":"max-age=31536000, immutable"},{"Name":"Content-Length","Value":"2647"},{"Name":"Content-Type","Value":"text/css"},{"Name":"ETag","Value":"\"HWnCTvBrI5OORGIeSFiDuHYclHt+sj8awCOQFfzm7oQ=\""},{"Name":"Last-Modified","Value":"Mon, 23 Jun 2025 04:45:50 GMT"}],"EndpointProperties":[{"Name":"fingerprint","Value":"jw1xbdt8fj"},{"Name":"integrity","Value":"sha256-HWnCTvBrI5OORGIeSFiDuHYclHt+sj8awCOQFfzm7oQ="},{"Name":"label","Value":"app.css"}]},{"Route":"bootstrap/bootstrap.min.bpk8xqwxhs.css","AssetFile":"bootstrap/bootstrap.min.css","Selectors":[],"ResponseHeaders":[{"Name":"Accept-Ranges","Value":"bytes"},{"Name":"Cache-Control","Value":"max-age=31536000, immutable"},{"Name":"Content-Length","Value":"162720"},{"Name":"Content-Type","Value":"text/css"},{"Name":"ETag","Value":"\"z8OR40MowJ8GgK6P89Y+hiJK5+cclzFHzLhFQLL92bg=\""},{"Name":"Last-Modified","Value":"Sat, 21 Jun 2025 06:35:00 GMT"}],"EndpointProperties":[{"Name":"fingerprint","Value":"bpk8xqwxhs"},{"Name":"integrity","Value":"sha256-z8OR40MowJ8GgK6P89Y+hiJK5+cclzFHzLhFQLL92bg="},{"Name":"label","Value":"bootstrap/bootstrap.min.css"}]},{"Route":"bootstrap/bootstrap.min.css","AssetFile":"bootstrap/bootstrap.min.css","Selectors":[],"ResponseHeaders":[{"Name":"Accept-Ranges","Value":"bytes"},{"Name":"Cache-Control","Value":"no-cache"},{"Name":"Content-Length","Value":"162720"},{"Name":"Content-Type","Value":"text/css"},{"Name":"ETag","Value":"\"z8OR40MowJ8GgK6P89Y+hiJK5+cclzFHzLhFQLL92bg=\""},{"Name":"Last-Modified","Value":"Sat, 21 Jun 2025 06:35:00 GMT"}],"EndpointProperties":[{"Name":"integrity","Value":"sha256-z8OR40MowJ8GgK6P89Y+hiJK5+cclzFHzLhFQLL92bg="}]},{"Route":"bootstrap/bootstrap.min.css.8inm30yfxf.map","AssetFile":"bootstrap/bootstrap.min.css.map","Selectors":[],"ResponseHeaders":[{"Name":"Accept-Ranges","Value":"bytes"},{"Name":"Cache-Control","Value":"max-age=31536000, immutable"},{"Name":"Content-Length","Value":"449111"},{"Name":"Content-Type","Value":"text/plain"},{"Name":"ETag","Value":"\"gBwg2tmA0Ci2u54gMF1jNCVku6vznarkLS6D76htNNQ=\""},{"Name":"Last-Modified","Value":"Sat, 21 Jun 2025 06:35:00 GMT"}],"EndpointProperties":[{"Name":"fingerprint","Value":"8inm30yfxf"},{"Name":"integrity","Value":"sha256-gBwg2tmA0Ci2u54gMF1jNCVku6vznarkLS6D76htNNQ="},{"Name":"label","Value":"bootstrap/bootstrap.min.css.map"}]},{"Route":"bootstrap/bootstrap.min.css.map","AssetFile":"bootstrap/bootstrap.min.css.map","Selectors":[],"ResponseHeaders":[{"Name":"Accept-Ranges","Value":"bytes"},{"Name":"Cache-Control","Value":"no-cache"},{"Name":"Content-Length","Value":"449111"},{"Name":"Content-Type","Value":"text/plain"},{"Name":"ETag","Value":"\"gBwg2tmA0Ci2u54gMF1jNCVku6vznarkLS6D76htNNQ=\""},{"Name":"Last-Modified","Value":"Sat, 21 Jun 2025 06:35:00 GMT"}],"EndpointProperties":[{"Name":"integrity","Value":"sha256-gBwg2tmA0Ci2u54gMF1jNCVku6vznarkLS6D76htNNQ="}]},{"Route":"favicon.ifv42okdf2.png","AssetFile":"favicon.png","Selectors":[],"ResponseHeaders":[{"Name":"Accept-Ranges","Value":"bytes"},{"Name":"Cache-Control","Value":"max-age=31536000, immutable"},{"Name":"Content-Length","Value":"1148"},{"Name":"Content-Type","Value":"image/png"},{"Name":"ETag","Value":"\"4mWsDy3aHl36ZbGt8zByK7Pvd4kRUoNgTYzRnwmPHwg=\""},{"Name":"Last-Modified","Value":"Sat, 21 Jun 2025 06:35:00 GMT"}],"EndpointProperties":[{"Name":"fingerprint","Value":"ifv42okdf2"},{"Name":"integrity","Value":"sha256-4mWsDy3aHl36ZbGt8zByK7Pvd4kRUoNgTYzRnwmPHwg="},{"Name":"label","Value":"favicon.png"}]},{"Route":"favicon.png","AssetFile":"favicon.png","Selectors":[],"ResponseHeaders":[{"Name":"Accept-Ranges","Value":"bytes"},{"Name":"Cache-Control","Value":"no-cache"},{"Name":"Content-Length","Value":"1148"},{"Name":"Content-Type","Value":"image/png"},{"Name":"ETag","Value":"\"4mWsDy3aHl36ZbGt8zByK7Pvd4kRUoNgTYzRnwmPHwg=\""},{"Name":"Last-Modified","Value":"Sat, 21 Jun 2025 06:35:00 GMT"}],"EndpointProperties":[{"Name":"integrity","Value":"sha256-4mWsDy3aHl36ZbGt8zByK7Pvd4kRUoNgTYzRnwmPHwg="}]}]}